UnityTime,NodeJSTime,Attention,Meditation,PoorSignalLevel,Frame,Delta,Theta,LowAlpha,HighAlpha,LowBeta,HighBeta,LowGamma,HighGamma,Time
3:20:31:2031,13:20:31:2031, 0,0,200,-1,610624,805602,75409,736899,267307,508439,242591,566579,0
UnityTime,NodeJSTime,Attention,Meditation,PoorSignalLevel,Frame,Delta,Theta,LowAlpha,HighAlpha,LowBeta,HighBeta,LowGamma,HighGamma,Time
3:42:23:4223,13:42:23:4223, 70,66,26,15,586597,280028,172678,162338,137053,137614,71980,108650,0,6
3:42:24:4224,13:42:24:4224, 70,66,51,38,249321,180451,214643,61311,235758,111007,146901,92865,1,52
3:42:25:4225,13:42:25:4225, 70,66,26,63,681092,152958,184965,185829,137966,103234,79353,48274,2,52
3:42:26:4226,13:42:26:4226, 70,66,51,88,246191,388270,218383,250526,137412,162825,110694,87230,3,52
3:42:27:4227,13:42:27:4227, 70,66,51,113,194995,156638,163442,52410,231500,74775,84020,87062,4,52
3:42:28:4228,13:42:28:4228, 70,66,26,139,153856,224759,413867,99792,289309,50131,84879,100973,5,56
3:42:29:4229,13:42:29:4229, 70,66,26,163,870570,412914,248006,27209,393892,142435,111426,59950,6,52
3:42:30:4230,13:42:30:4230, 70,66,51,189,836687,517204,118059,47031,525014,90178,51132,34415,7,56
3:42:31:4231,13:42:31:4231, 70,66,26,212,944600,468621,237247,486807,187591,124895,114183,112041,8,48
3:42:32:4232,13:42:32:4232, 70,66,26,238,1152646,455135,464574,25381,437751,277201,136329,45751,9,52
3:42:34:4234,13:42:34:4234, 70,66,26,287,833092,245978,334397,53726,288481,137132,109296,53970,11,48
3:42:35:4235,13:42:35:4235, 70,66,26,313,655725,636838,322610,120339,131707,252344,47636,91205,12,52
3:42:37:4237,13:42:37:4237, 70,66,26,362,591515,736469,376743,111529,150267,137879,99899,69799,14,48
3:42:39:4239,13:42:39:4239, 70,66,26,412,840945,117607,4460,40368,21602,21331,15397,13995,16,48
3:42:40:4240,13:42:40:4240, 70,66,26,438,121115,198391,175668,220170,136790,165339,68335,27565,17,52
3:42:41:4241,13:42:41:4241, 70,66,26,461,1279938,453484,437209,37293,319856,134427,117647,175202,18,44
3:42:42:4242,13:42:42:4242, 70,66,26,487,1571161,341333,83489,101172,216961,94413,84045,235208,19,48
3:42:43:4243,13:42:43:4243, 70,66,26,511,617327,399908,521097,56054,81597,52934,36803,41967,20,44
3:42:44:4244,13:42:44:4244, 70,66,26,537,397583,24242,50789,37876,64790,27442,19237,14915,21,48
3:42:47:4247,13:42:47:4247, 70,66,26,612,478042,217313,372019,181098,83959,157958,131679,114568,24,48
3:42:48:4248,13:42:48:4248, 70,66,26,635,700162,299829,174348,75902,360301,162068,204270,85034,25,4
3:42:49:4249,13:42:49:4249, 70,66,26,661,1098122,308182,195231,105003,172823,146938,98994,167738,26,44
3:42:50:4250,13:42:50:4250, 70,66,26,685,1076220,353252,105458,195590,281460,221725,127778,78594,27,4
3:42:51:4251,13:42:51:4251, 70,66,26,711,300628,531485,301846,192677,210479,50705,42350,47070,28,44
3:42:52:4252,13:42:52:4252, 70,66,26,736,205023,87408,41364,41953,35320,11735,13989,27716,29,44
3:42:53:4253,13:42:53:4253, 70,66,26,760,891456,944561,375244,78133,308881,218138,85034,62286,30,4
3:42:54:4254,13:42:54:4254, 70,66,26,786,771682,155045,28366,37072,256017,195713,139705,85155,31,44
3:42:55:4255,13:42:55:4255, 70,66,26,810,148266,53747,57324,44792,38073,18797,35007,12986,32,4
3:42:57:4257,13:42:57:4257, 70,66,26,859,521477,612909,128259,53489,418267,132930,143043,107426,34,36
3:42:58:4258,13:42:58:4258, 70,66,26,885,590055,397725,439096,29199,133799,230123,135508,149748,35,4
3:42:59:4259,13:42:59:4259, 70,66,26,910,307895,241739,59132,61412,145724,139242,135164,75737,36,4
3:43:00:430,13:43:00:430, 70,66,26,935,883654,215720,127111,117632,449467,105859,51199,43495,37,4
3:43:01:431,13:43:01:431, 70,66,26,960,1094857,422785,209308,128590,206272,147922,79602,104915,38,4
3:43:02:432,13:43:02:432, 70,66,26,984,759021,430728,116741,57585,289693,84348,91179,34131,39,36
3:43:03:433,13:43:03:433, 70,66,26,1010,956583,414725,173200,152110,47872,119469,42834,80826,40,4
3:43:04:434,13:43:04:434, 70,66,26,1034,569528,583967,379633,243453,128610,65147,41276,76818,41,36
3:43:05:435,13:43:05:435, 70,66,26,1059,323718,390501,183065,122948,319694,76892,89677,57874,42,36
3:43:06:436,13:43:06:436, 70,66,26,1084,647540,763612,67976,110949,245741,62956,134261,76076,43,36
3:43:07:437,13:43:07:437, 70,66,26,1109,558223,357268,127630,138201,92577,78411,111098,128947,44,36
3:43:08:438,13:43:08:438, 70,66,26,1134,578591,164415,233765,126340,317376,209862,107099,49790,45,36
3:43:09:439,13:43:09:439, 70,66,26,1158,643565,360193,150689,71253,198631,178509,137466,93920,46,32
3:43:10:4310,13:43:10:4310, 70,66,26,1184,466516,346732,334466,183868,211281,119299,112010,78942,47,36
3:43:11:4311,13:43:11:4311, 70,66,26,1207,683867,347972,250978,93239,117468,74670,28842,29302,48,28
3:43:12:4312,13:43:12:4312, 70,66,26,1233,225922,655881,142805,163811,127318,108202,73520,62010,49,32
3:43:13:4313,13:43:13:4313, 70,66,26,1258,494133,197764,158771,47771,247381,204076,79866,132844,50,32
3:43:14:4314,13:43:14:4314, 70,66,26,1283,786431,440461,127384,39842,405921,78728,96273,293063,51,32
3:43:15:4315,13:43:15:4315, 70,66,26,1309,715420,882875,225535,108345,48724,101870,18302,66331,52,36
3:43:17:4317,13:43:17:4317, 70,66,26,1358,717124,814807,245903,28798,102267,167808,46682,113135,54,32
3:43:18:4318,13:43:18:4318, 70,66,26,1382,715447,264290,390963,169517,259125,150514,72326,106153,55,28
3:43:19:4319,13:43:19:4319, 70,66,26,1407,1614649,138081,289402,211052,109485,147258,56807,72641,56,28
3:43:21:4321,13:43:21:4321, 70,66,26,1457,733702,524830,42036,85417,197551,201753,111747,132780,58,28
3:43:22:4322,13:43:22:4322, 70,66,26,1483,760089,384650,186800,137738,176193,49725,81855,212055,59,32
3:43:23:4323,13:43:23:4323, 70,66,26,1506,1203829,252403,27150,105580,178709,171840,101034,102189,60,24
3:43:24:4324,13:43:24:4324, 70,66,26,1532,248453,446031,144320,147841,103363,142636,50553,112192,61,28
3:43:25:4325,13:43:25:4325, 70,66,26,1556,59655,169784,26721,21435,33622,14167,14823,26361,62,24
3:43:27:4327,13:43:27:4327, 70,66,26,1607,385985,505908,361694,29960,63619,111964,45511,62175,64,28
3:43:28:4328,13:43:28:4328, 70,66,26,1631,1035980,377274,105577,134858,157669,131281,85743,91866,65,24
3:43:29:4329,13:43:29:4329, 70,66,26,1657,262134,140187,525103,181813,96796,86775,73995,93330,66,28
3:43:30:4330,13:43:30:4330, 70,66,26,1680,1014789,161740,222887,70299,216908,76136,77203,151456,67,2
3:43:31:4331,13:43:31:4331, 70,66,26,1707,43202,35417,84249,62433,54714,29443,22715,21039,68,28
3:43:33:4333,13:43:33:4333, 70,66,26,1755,289363,933049,205912,90023,378563,113511,65999,58387,70,2
3:43:34:4334,13:43:34:4334, 70,66,26,1781,886653,691363,143785,70278,319139,129352,206745,111378,71,24
3:43:35:4335,13:43:35:4335, 70,66,26,1805,683699,348918,255934,83135,521651,45356,63242,27416,72,2
3:43:37:4337,13:43:37:4337, 70,66,26,1855,554216,753332,147409,61254,183701,152806,92566,81125,74,2
3:43:38:4338,13:43:38:4338, 70,66,26,1880,217669,399362,101460,58696,315502,139069,187006,87819,75,2
3:43:39:4339,13:43:39:4339, 70,66,26,1905,201110,263461,127249,47746,198169,81386,42282,150430,76,2
3:43:40:4340,13:43:40:4340, 70,66,26,1930,422009,291299,106864,125584,208817,168100,44142,150158,77,2
3:43:41:4341,13:43:41:4341, 70,66,26,1956,844844,543733,167719,57156,206624,57002,219539,42756,78,24
3:43:42:4342,13:43:42:4342, 70,66,26,1980,1220110,225139,269965,137304,148414,112040,102257,91033,79,2
3:43:43:4343,13:43:43:4343, 70,66,26,2005,998231,295727,60640,337248,308445,128111,69884,67609,80,2
3:43:44:4344,13:43:44:4344, 70,66,26,2029,811135,391270,159472,87420,58835,97777,62209,123340,81,16
3:43:45:4345,13:43:45:4345, 70,66,26,2054,1176294,239042,110322,403393,280063,183544,80549,140979,82,16
3:43:46:4346,13:43:46:4346, 70,66,26,2079,847076,387899,186700,30367,156271,96660,116233,111838,83,16
3:43:47:4347,13:43:47:4347, 70,66,26,2104,367173,377815,216760,189149,237044,132811,122217,126837,84,16
3:43:48:4348,13:43:48:4348, 70,66,26,2130,354737,800203,159776,172789,196089,80113,60121,195510,85,2
3:43:49:4349,13:43:49:4349, 70,66,26,2154,798987,164595,348592,67118,396045,42632,51308,40615,86,16
3:43:50:4350,13:43:50:4350, 70,66,26,2179,998867,278277,235828,93676,299574,71526,61783,49735,87,16
3:43:51:4351,13:43:51:4351, 70,66,26,2203,1238963,131463,90107,110913,260003,170436,60764,93172,88,12
3:43:52:4352,13:43:52:4352, 70,66,26,2229,1046751,132789,53410,120805,225784,146699,63018,90319,89,16
3:43:53:4353,13:43:53:4353, 70,66,26,2253,397850,726299,457953,293284,230348,99836,155217,141242,90,12
3:43:54:4354,13:43:54:4354, 70,66,26,2278,579747,728882,126453,223384,214398,73609,142564,89199,91,12
3:43:55:4355,13:43:55:4355, 70,66,26,2304,160664,54418,52675,41263,51237,36029,12477,20442,92,16
3:43:57:4357,13:43:57:4357, 70,66,26,2353,474404,364221,75463,97558,178002,124198,126910,52061,94,12
3:43:58:4358,13:43:58:4358, 70,66,26,2377,1489324,116278,121718,37228,444806,111898,57646,25345,95,08
3:43:59:4359,13:43:59:4359, 70,66,26,2403,700868,366165,79592,175372,175175,78743,112751,78110,96,12
3:44:00:440,13:44:00:440, 70,66,26,2427,1142871,661574,475863,265294,138565,118654,110494,89998,97,08
3:44:01:441,13:44:01:441, 70,66,26,2452,320188,555912,174579,79218,112120,42236,99945,124997,98,08
3:44:02:442,13:44:02:442, 70,66,26,2478,262231,512142,106441,60728,304476,83063,144557,88247,99,12
3:44:03:443,13:44:03:443, 70,66,26,2502,809234,243526,94382,363915,299283,147000,154748,62378,100,08
3:44:04:444,13:44:04:444, 70,66,26,2527,488552,729326,176341,151596,373514,146334,93506,61565,101,08
3:44:05:445,13:44:05:445, 70,66,26,2551,1241036,283744,21518,54225,202395,105016,159229,88386,102,04
3:44:07:447,13:44:07:447, 70,66,26,2601,574149,412149,101992,229000,122763,126181,47078,104485,104,04
3:44:08:448,13:44:08:448, 70,66,26,2627,288639,568853,155803,146059,177395,91772,65604,129192,105,08
3:44:09:449,13:44:09:449, 70,66,26,2652,579018,555938,972158,227845,125549,95884,61830,105436,106,08
3:44:10:4410,13:44:10:4410, 70,66,26,2676,1121306,638112,47492,181762,76748,142713,78703,131628,107,04
3:44:11:4411,13:44:11:4411, 70,66,26,2702,1441820,466471,87265,155645,80619,158865,92670,79945,108,08
3:44:12:4412,13:44:12:4412, 70,66,26,2726,742719,204523,407339,117549,182634,131075,88324,114525,109,04
3:44:13:4413,13:44:13:4413, 70,66,26,2751,904055,786255,303390,222802,134927,95707,47223,81507,110,04
3:44:15:4415,13:44:15:4415, 70,66,26,2800,1017467,439959,146086,108322,205567,51739,179375,198175,112
3:44:17:4417,13:44:17:4417, 70,66,26,2850,1862122,250894,135236,50794,154047,150376,99885,94707,114
3:44:18:4418,13:44:18:4418, 70,66,26,2876,399138,757036,176753,81180,100522,137698,93801,125331,115,04
3:44:19:4419,13:44:19:4419, 70,66,26,2900,748244,184384,183393,79479,122130,148613,92731,81560,116
3:44:20:4420,13:44:20:4420, 70,66,26,2926,746354,312626,66641,208823,91069,68398,175987,98205,117,04
3:44:21:4421,13:44:21:4421, 70,66,26,2951,1682341,318561,56171,87459,195244,126408,86223,131589,118,04
3:44:22:4422,13:44:22:4422, 70,66,26,2975,707632,449180,356884,75906,86608,114467,131786,61758,119
3:44:23:4423,13:44:23:4423, 70,66,26,3000,947648,1020602,146038,62893,204536,122894,53564,68373,120
3:44:24:4424,13:44:24:4424, 70,66,26,3024,648402,277853,137075,264293,213715,151379,51805,93540,120,96
3:44:25:4425,13:44:25:4425, 70,66,26,3050,329334,399392,240468,91753,108940,141983,33265,45499,122
3:44:27:4427,13:44:27:4427, 70,66,26,3099,1089826,712736,575509,62041,167029,78326,72345,80826,123,96
3:44:28:4428,13:44:28:4428, 70,66,26,3125,861240,361656,501914,232814,152502,108275,100798,65906,125
3:44:29:4429,13:44:29:4429, 70,66,26,3149,358776,444188,255076,188144,191519,116378,114459,95460,125,96
3:44:30:4430,13:44:30:4430, 70,66,26,3174,695280,410463,80107,193568,192376,83943,91281,104457,126,96
3:44:31:4431,13:44:31:4431, 70,66,26,3198,465292,504598,239868,47688,89737,63361,65752,91875,127,92
3:44:32:4432,13:44:32:4432, 70,66,26,3224,203011,213123,77833,34263,230464,130677,130217,97491,128,96
3:44:33:4433,13:44:33:4433, 70,66,26,3249,885005,73746,74113,158429,190014,96480,53979,190529,129,96
3:44:34:4434,13:44:34:4434, 70,66,26,3274,905612,604754,143755,148634,48284,97772,35473,136521,130,96
3:44:35:4435,13:44:35:4435, 70,66,26,3299,974811,217436,186511,237461,99518,118502,55474,71146,131,96
3:44:37:4437,13:44:37:4437, 70,66,26,3349,498707,450315,78579,81815,188167,90152,79781,56399,133,96
3:44:37:4437,13:44:37:4437, 70,66,26,3372,1125159,273566,350085,182723,69052,97639,67776,123255,134,88
3:44:39:4439,13:44:39:4439, 70,66,26,3398,373985,421044,337691,114845,129814,112067,64596,107953,135,92
3:44:40:4440,13:44:40:4440, 70,66,26,3423,510351,156457,218140,184108,230921,225596,109009,72324,136,92
3:44:40:4440,13:44:40:4440, 70,66,26,3448,358429,533043,320930,1460,200369,155163,95794,160319,137,92
3:44:42:4442,13:44:42:4442, 70,66,26,3474,323396,242639,617197,144383,136735,77188,96686,72615,138,96
3:44:42:4442,13:44:42:4442, 70,66,26,3497,577791,766588,412419,147243,237931,121184,116618,90561,139,88
3:44:44:4444,13:44:44:4444, 70,66,26,3523,279390,132903,110323,135911,149667,123773,71353,103264,140,92
3:44:44:4444,13:44:44:4444, 70,66,26,3547,875141,308638,203772,158618,207975,85867,53546,115879,141,88
3:44:46:4446,13:44:46:4446, 70,66,26,3597,540670,137440,40270,34644,61980,33548,17835,26558,143,88
3:44:47:4447,13:44:47:4447, 70,66,26,3622,112233,217851,33514,35753,36968,49641,22320,38970,144,88
3:44:48:4448,13:44:48:4448, 70,66,26,3648,1150433,172035,151998,159627,56599,167532,73749,145326,145,92
3:44:49:4449,13:44:49:4449, 70,66,26,3671,1126508,258016,189157,150537,68878,148205,83341,71200,146,84
3:44:50:4450,13:44:50:4450, 70,66,26,3697,910254,87775,121577,257991,185906,67970,83152,203754,147,88
3:44:51:4451,13:44:51:4451, 70,66,26,3721,104439,205177,5016,32007,74065,26279,18109,15297,148,84
3:44:52:4452,13:44:52:4452, 70,66,26,3747,198301,146470,125631,144695,210202,143532,94892,184889,149,88
3:44:53:4453,13:44:53:4453, 70,66,26,3771,756453,434905,249971,89692,187370,161268,238997,67367,150,84
3:44:54:4454,13:44:54:4454, 70,66,26,3796,962117,554353,247835,78400,108075,69617,63738,260175,151,84
3:44:56:4456,13:44:56:4456, 70,66,26,3846,434972,555909,88708,350011,140804,92157,119566,86656,153,84
3:44:57:4457,13:44:57:4457, 70,66,26,3871,433489,155623,159151,156395,661772,164461,47150,46672,154,84
3:44:58:4458,13:44:58:4458, 70,66,26,3895,548453,196202,13808,193072,116206,65236,64476,88765,155,8
3:44:59:4459,13:44:59:4459, 70,66,26,3921,683406,266403,235639,36463,230341,86742,60284,135904,156,84
3:45:01:451,13:45:01:451, 70,66,26,3971,1805398,1002278,1508151,421655,435631,1478756,211145,538066,158,84
3:45:02:452,13:45:02:452, 70,66,26,3996,756961,378695,155244,88857,455173,176171,98517,107171,159,84
3:45:03:453,13:45:03:453, 70,66,26,4020,352804,297137,184060,110503,159080,134031,263558,107578,160,8
3:45:04:454,13:45:04:454, 70,66,26,4045,222908,363053,212924,79402,238720,329836,110487,110207,161,8
3:45:06:456,13:45:06:456, 70,66,26,4095,1239188,277717,153358,159746,137277,119877,107957,58711,163,8
3:45:08:458,13:45:08:458, 70,66,26,4144,739351,431819,55957,261828,153698,58526,112022,73542,165,76
3:45:09:459,13:45:09:459, 70,66,26,4170,980754,358387,49084,52848,279026,92695,71458,70996,166,8
3:45:10:4510,13:45:10:4510, 70,66,26,4194,1808568,402668,46898,104644,258325,67539,79027,236006,167,76
3:45:11:4511,13:45:11:4511, 70,66,26,4219,1562397,263518,244176,280108,127217,149877,120190,136526,168,76
3:45:13:4513,13:45:13:4513, 70,66,26,4269,62263,32456,8961,74153,71669,21789,14539,23729,170,76
3:45:14:4514,13:45:14:4514, 70,66,26,4295,398515,576614,254907,26923,235555,155637,51623,74106,171,8
3:45:16:4516,13:45:16:4516, 70,66,26,4345,660989,156497,230610,214305,37735,135720,105413,52804,173,8
3:45:17:4517,13:45:17:4517, 70,66,26,4368,645823,169117,185735,61853,176989,125228,105133,39331,174,72
3:45:18:4518,13:45:18:4518, 70,66,26,4394,424088,172643,42826,144411,89322,105180,99146,98107,175,76
3:45:19:4519,13:45:19:4519, 70,66,26,4418,240627,177256,97906,99802,283971,81149,101492,59744,176,72
3:45:20:4520,13:45:20:4520, 70,66,26,4443,243377,331624,15609,40881,257157,106640,66338,157197,177,72
3:45:21:4521,13:45:21:4521, 70,66,26,4469,489213,530704,125094,48512,179301,132114,88754,111911,178,76
3:45:22:4522,13:45:22:4522, 70,66,26,4493,72136,315788,19951,251449,45755,66904,75208,78304,179,72
3:45:23:4523,13:45:23:4523, 70,66,26,4518,63318,131681,230472,59996,221920,139626,154150,65833,180,72
3:45:24:4524,13:45:24:4524, 70,66,26,4542,189387,250102,114831,171046,135841,58078,74842,143267,181,68
3:45:26:4526,13:45:26:4526, 70,66,26,4592,630555,410828,95860,557942,103629,82697,52033,40109,183,68
3:45:27:4527,13:45:27:4527, 70,66,26,4617,119065,51733,41038,32234,45949,13256,18148,49344,184,68
3:45:28:4528,13:45:28:4528, 70,66,26,4644,1462339,98977,13687,297051,134152,76945,83691,131660,185,76
3:45:29:4529,13:45:29:4529, 70,66,26,4667,312659,231289,172524,200569,97510,120535,72231,124055,186,68
3:45:30:4530,13:45:30:4530, 70,66,26,4693,327744,662958,98706,112053,146076,92622,34203,66483,187,72
3:45:31:4531,13:45:31:4531, 70,66,26,4717,410928,223829,234006,133689,172713,80092,93907,42804,188,68
3:45:32:4532,13:45:32:4532, 70,66,26,4742,205877,908330,80500,274122,178031,175948,115406,74535,189,68
3:45:33:4533,13:45:33:4533, 70,66,26,4767,341822,211515,75848,63745,171269,150850,67162,85049,190,68
3:45:34:4534,13:45:34:4534, 70,66,26,4791,735011,142517,186707,83253,417729,114101,73326,92562,191,64
3:45:35:4535,13:45:35:4535, 70,66,26,4818,486945,68409,15110,34359,72302,41677,23331,21449,192,72
3:45:36:4536,13:45:36:4536, 70,66,26,4841,813945,166680,271999,94563,166857,167571,59248,48510,193,64
3:45:37:4537,13:45:37:4537, 70,66,26,4867,543290,497081,131192,84197,354561,127034,68393,58754,194,68
3:45:38:4538,13:45:38:4538, 70,66,26,4890,1261064,254630,250701,204406,263295,137238,106085,93728,195,6
3:45:39:4539,13:45:39:4539, 70,66,26,4917,1046584,107252,197308,343943,201588,36870,56498,91709,196,68
3:45:40:4540,13:45:40:4540, 70,66,26,4941,123393,178012,310353,315045,253704,122989,59670,67766,197,64
3:45:41:4541,13:45:41:4541, 70,66,26,4966,343887,516586,47714,49538,397885,224626,75428,223026,198,64
3:45:42:4542,13:45:42:4542, 70,66,26,4991,508353,1092446,243124,33893,161074,154965,61279,75330,199,64
3:45:43:4543,13:45:43:4543, 70,66,26,5015,590105,287648,354757,85399,83270,127348,56116,93665,200,6
3:45:44:4544,13:45:44:4544, 70,66,26,5041,995066,106349,338834,240514,109849,152760,74209,76992,201,64
3:45:46:4546,13:45:46:4546, 70,66,26,5090,164420,119364,30008,39076,74453,12712,12739,31043,203,6
3:45:47:4547,13:45:47:4547, 70,66,26,5115,1459455,1022686,465825,172717,639931,693970,353897,360884,204,6
3:45:48:4548,13:45:48:4548, 70,66,26,5140,513879,266965,158705,136102,173320,104993,88637,143568,205,6
3:45:49:4549,13:45:49:4549, 70,66,26,5166,1599762,275101,173183,186086,83346,215073,217927,109576,206,64
3:45:50:4550,13:45:50:4550, 70,66,26,5189,229362,378967,179585,112267,64878,278427,82270,80011,207,56
3:45:51:4551,13:45:51:4551, 70,66,26,5215,382594,466590,27550,129247,209662,117648,62869,62407,208,6
3:45:52:4552,13:45:52:4552, 70,66,26,5239,717015,539499,162616,99205,174064,100394,95720,78750,209,56
3:45:53:4553,13:45:53:4553, 70,66,26,5264,425875,172595,226164,253633,26601,132450,109619,135234,210,56
3:45:56:4556,13:45:56:4556, 70,66,26,5340,497688,452981,74974,284183,71627,96960,105741,147086,213,6
3:45:57:4557,13:45:57:4557, 70,66,26,5363,848669,424108,175809,93561,291825,205509,120338,70822,214,52
3:45:58:4558,13:45:58:4558, 70,66,26,5389,186688,768134,23448,39780,272134,103776,99380,58638,215,56
3:45:59:4559,13:45:59:4559, 70,66,26,5413,1236624,168661,169959,189468,240221,67371,90443,103730,216,52
3:46:00:460,13:46:00:460, 70,66,26,5438,235795,354978,236663,96952,187129,138646,69399,43016,217,52
3:46:01:461,13:46:01:461, 70,66,26,5465,378505,183313,121051,265146,289434,100784,69738,109119,218,6
3:46:02:462,13:46:02:462, 70,66,26,5488,701215,249913,45865,284620,145278,88000,30167,92369,219,52
3:46:03:463,13:46:03:463, 70,66,26,5514,651932,612461,63113,231078,196402,97590,51728,70915,220,56
3:46:04:464,13:46:04:464, 70,66,26,5537,559394,523371,93152,147189,53466,67159,46884,65092,221,48
3:46:07:467,13:46:07:467, 70,66,26,5613,558569,592086,56208,101619,50296,85447,68328,45274,224,52
3:46:08:468,13:46:08:468, 70,66,26,5639,920815,175820,822863,171188,71418,175162,80625,107831,225,56
3:46:09:469,13:46:09:469, 70,66,26,5662,143019,68339,14729,9755,39066,15347,34243,20040,226,48
3:46:10:4610,13:46:10:4610, 70,66,26,5688,1014510,671204,46232,120984,178210,93103,112519,130839,227,52
3:46:11:4611,13:46:11:4611, 70,66,26,5712,980874,291837,139603,56814,223883,61260,97102,31296,228,48
3:46:12:4612,13:46:12:4612, 70,66,26,5738,1021915,248036,107563,42412,145411,93493,55551,71013,229,52
3:46:13:4613,13:46:13:4613, 70,66,26,5762,1376165,230305,22033,374329,185910,80682,67075,79166,230,48
3:46:14:4614,13:46:14:4614, 70,66,26,5787,1415833,160652,139822,139530,272654,98835,79518,167554,231,48
3:46:15:4615,13:46:15:4615, 70,66,26,5813,504252,210054,142564,86618,64806,194720,63988,59189,232,52
3:46:16:4616,13:46:16:4616, 70,66,26,5836,263666,354466,89711,101856,326474,98051,93555,57962,233,44
3:46:17:4617,13:46:17:4617, 70,66,26,5862,481031,785505,131177,71287,193182,83538,37816,100269,234,48
3:46:18:4618,13:46:18:4618, 70,66,26,5886,862237,193317,39806,454617,174707,128667,73590,122454,235,44
3:46:19:4619,13:46:19:4619, 70,66,26,5912,1086117,228944,127910,141566,165283,79997,92014,189932,236,48
3:46:20:4620,13:46:20:4620, 70,66,26,5936,245867,108280,100591,133623,277825,110675,121215,66575,237,44
3:46:21:4621,13:46:21:4621, 70,66,26,5961,375258,260871,141661,96827,368101,144986,66053,40834,238,44
3:46:22:4622,13:46:22:4622, 70,66,26,5987,13349,36735,36021,38926,142986,19261,52063,8902,239,48
3:46:23:4623,13:46:23:4623, 70,66,26,6010,553981,377624,158507,121070,251518,138695,95239,98005,240,4
3:46:24:4624,13:46:24:4624, 70,66,26,6036,647921,913076,197457,70500,175396,88410,107202,88664,241,44
3:46:26:4626,13:46:26:4626, 70,66,26,6086,921687,298084,120621,142326,106782,70683,165124,63315,243,44
3:46:27:4627,13:46:27:4627, 70,66,26,6110,694016,197754,59944,96671,81452,118021,47054,88859,244,4
3:46:28:4628,13:46:28:4628, 70,66,26,6135,1183501,167793,97535,166095,63808,90944,72172,50056,245,4
3:46:29:4629,13:46:29:4629, 70,66,26,6161,338277,332845,100828,247994,221654,57348,41216,211878,246,44
3:46:30:4630,13:46:30:4630, 70,66,26,6184,274267,258460,243076,228427,52514,67117,108611,104192,247,36
3:46:31:4631,13:46:31:4631, 70,66,26,6211,940894,318479,167544,123530,248679,191521,91101,74290,248,44
3:46:32:4632,13:46:32:4632, 70,66,26,6234,195941,256965,127916,59265,215742,126378,59035,110045,249,36
3:46:33:4633,13:46:33:4633, 70,66,26,6260,722220,257350,119096,30428,174511,76700,55488,35201,250,4
3:46:34:4634,13:46:34:4634, 70,66,26,6284,394415,22721,15182,115379,43665,23577,13642,17473,251,36
3:46:36:4636,13:46:36:4636, 70,66,26,6335,303950,428859,342759,208664,179996,115102,108854,62141,253,4
3:46:37:4637,13:46:37:4637, 70,66,26,6359,1053123,93267,29255,98115,106913,150430,92506,77797,254,36
3:46:38:4638,13:46:38:4638, 70,66,26,6385,210581,64294,7915,13796,36453,23955,16744,16476,255,4
3:46:39:4639,13:46:39:4639, 70,66,26,6408,1178389,172450,11978,153305,405342,79155,53448,60660,256,32
3:46:40:4640,13:46:40:4640, 70,66,26,6434,994847,250714,207306,322317,302940,126070,96321,130837,257,36
3:46:41:4641,13:46:41:4641, 70,66,26,6458,541161,80863,129190,232507,256569,78676,62168,99460,258,32
3:46:42:4642,13:46:42:4642, 70,66,26,6484,207212,411189,241055,149477,88072,104843,68476,29103,259,36
3:46:43:4643,13:46:43:4643, 70,66,26,6509,42267,44080,20000,26577,86371,25893,23626,23913,260,36
3:46:44:4644,13:46:44:4644, 70,66,26,6533,574467,205101,210278,112589,253765,78587,96429,99960,261,32
3:46:46:4646,13:46:46:4646, 70,66,26,6583,1294813,315812,86653,180251,333135,111343,48165,112848,263,32
3:46:47:4647,13:46:47:4647, 70,66,26,6608,521994,346959,40981,117719,153283,250025,67429,70888,264,32
3:46:49:4649,13:46:49:4649, 70,66,26,6658,1243795,259783,138988,180024,315577,123555,74628,53452,266,32
3:46:50:4650,13:46:50:4650, 70,66,26,6683,800309,419092,232700,223083,22354,54036,222820,83735,267,32
3:46:51:4651,13:46:51:4651, 70,66,26,6707,417309,481553,155972,47927,107011,100565,134713,78759,268,28
3:46:52:4652,13:46:52:4652, 70,66,26,6733,1157671,110710,580286,102883,159211,68734,66958,39355,269,32
3:46:54:4654,13:46:54:4654, 70,66,26,6782,575588,264339,225667,108442,283689,96106,45831,74549,271,28
3:46:55:4655,13:46:55:4655, 70,66,26,6808,379632,610765,77131,58109,422731,161642,199729,42073,272,32
3:46:56:4656,13:46:56:4656, 70,66,26,6832,734107,719848,223816,275042,93902,102304,56184,80352,273,28
3:46:57:4657,13:46:57:4657, 70,66,26,6858,870574,174180,127431,46527,634642,53147,61329,224403,274,32
3:46:58:4658,13:46:58:4658, 70,66,26,6881,479386,330174,27390,151554,679807,103801,114904,114146,275,24
3:46:59:4659,13:46:59:4659, 70,66,26,6907,377043,470438,37444,173618,323667,108103,40655,77990,276,28
3:47:00:470,13:47:00:470, 70,66,26,6931,597457,195892,249458,183474,52630,115770,42428,42154,277,24
3:47:01:471,13:47:01:471, 70,66,26,6956,285132,112978,119550,170255,130379,69215,66868,83313,278,24
3:47:02:472,13:47:02:472, 70,66,26,6982,1553515,233880,66315,98770,176215,133391,61609,39602,279,28
3:47:03:473,13:47:03:473, 70,66,26,7006,341424,576992,165203,52999,73688,51205,83891,40505,280,24
3:47:04:474,13:47:04:474, 70,66,26,7032,899297,202465,212662,161176,171065,117963,61954,88539,281,28
3:47:06:476,13:47:06:476, 70,66,26,7081,1295193,305770,138201,140601,209421,79202,97952,116835,283,24
3:47:07:477,13:47:07:477, 70,66,26,7105,405726,417193,120597,168630,37119,86278,154508,111099,284,2
3:47:08:478,13:47:08:478, 70,66,26,7130,1502233,92030,78489,131170,189834,162217,155179,57601,285,2
3:47:09:479,13:47:09:479, 70,66,26,7156,672471,380338,301487,242168,77576,64873,199468,173402,286,24
3:47:10:4710,13:47:10:4710, 70,66,26,7180,146396,193193,10776,38752,37536,30456,22396,16972,287,2
3:47:11:4711,13:47:11:4711, 70,66,26,7206,560199,176257,117367,202134,217551,77428,109362,66049,288,24
3:47:12:4712,13:47:12:4712, 70,66,26,7229,41973,34914,9780,83054,14761,31450,20805,21085,289,16
3:47:13:4713,13:47:13:4713, 70,66,26,7255,633113,480004,137358,214125,68225,119999,56029,205051,290,2
3:47:14:4714,13:47:14:4714, 70,66,26,7280,564118,367779,149723,194231,99419,98249,72118,79491,291,2
3:47:16:4716,13:47:16:4716, 70,66,26,7331,1704356,733715,391115,249435,121083,48362,67585,75127,293,24
3:47:17:4717,13:47:17:4717, 70,66,26,7354,1690257,119308,76346,364005,220473,66846,64430,93355,294,16
3:47:18:4718,13:47:18:4718, 70,66,26,7380,464891,533354,139361,59970,146000,81694,74141,79554,295,2
3:47:19:4719,13:47:19:4719, 70,66,26,7404,1047785,336098,143491,185540,128394,63553,53430,101006,296,16
3:47:20:4720,13:47:20:4720, 70,66,26,7430,592465,132502,102839,134139,238657,65990,76967,63272,297,2
3:47:21:4721,13:47:21:4721, 70,66,26,7454,122042,429768,18530,79182,82183,103740,35460,90837,298,16
3:47:22:4722,13:47:22:4722, 70,66,26,7479,313907,454114,44846,26419,218417,112933,106284,42459,299,16
3:47:23:4723,13:47:23:4723, 70,66,26,7505,703373,343736,230388,336833,92060,78030,51369,37124,300,2
3:47:24:4724,13:47:24:4724, 70,66,26,7528,1387139,1639390,366314,134318,1569630,382159,473314,324088,301,12
3:47:26:4726,13:47:26:4726, 70,66,26,7578,98708,71032,83683,15255,10488,23973,11271,15037,303,12
3:47:27:4727,13:47:27:4727, 70,66,26,7604,468737,750928,136800,183979,172573,95166,76107,89890,304,16
3:47:28:4728,13:47:28:4728, 70,66,26,7628,227245,497530,308108,547045,85098,99401,37721,85734,305,12
3:47:29:4729,13:47:29:4729, 70,66,26,7653,664335,140464,49222,227656,89418,94664,63761,110978,306,12
3:47:30:4730,13:47:30:4730, 70,66,26,7679,399055,692583,353091,654222,501826,466502,167376,272063,307,16
3:47:31:4731,13:47:31:4731, 70,66,26,7702,193506,254477,127492,130464,104046,187467,50585,72384,308,08
3:47:32:4732,13:47:32:4732, 70,66,26,7728,341821,231181,240447,181164,278297,55082,47967,89351,309,12
3:47:33:4733,13:47:33:4733, 70,66,26,7752,1034125,790080,123308,64194,325303,101621,36142,50951,310,08
3:47:34:4734,13:47:34:4734, 70,66,26,7778,781523,934817,252070,94926,269714,162725,58111,26002,311,12
3:47:36:4736,13:47:36:4736, 70,66,26,7827,676235,288668,50081,89061,93867,116298,55654,43775,313,08
3:47:37:4737,13:47:37:4737, 70,66,26,7853,435133,544588,256396,102137,156159,106326,64182,147948,314,12
3:47:38:4738,13:47:38:4738, 70,66,26,7876,453653,740632,23290,54672,323708,122462,46427,82563,315,04
3:47:39:4739,13:47:39:4739, 70,66,26,7903,582335,227544,80848,207112,165181,103437,99656,78769,316,12
3:47:40:4740,13:47:40:4740, 70,66,26,7927,1606047,1398038,104194,777660,780232,680138,263264,237048,317,08
3:47:41:4741,13:47:41:4741, 70,66,26,7952,303784,217949,180234,125643,68100,65422,46253,61785,318,08
3:47:42:4742,13:47:42:4742, 70,66,26,7978,1220553,377374,309821,67960,131922,102198,71629,97460,319,12
3:47:43:4743,13:47:43:4743, 70,66,26,8001,577588,432268,260808,70311,485432,84804,71614,59859,320,04
3:47:44:4744,13:47:44:4744, 70,66,26,8027,378762,284538,25892,225952,115866,85306,37690,194828,321,08
3:47:46:4746,13:47:46:4746, 70,66,26,8077,493112,296916,109317,244577,77052,133924,55425,63668,323,08
3:47:48:4748,13:47:48:4748, 70,66,26,8126,219103,565751,106781,14301,123520,88888,88305,60894,325,04
3:47:49:4749,13:47:49:4749, 70,66,26,8152,193840,1144195,113176,147716,89125,104235,74594,51661,326,08
3:47:50:4750,13:47:50:4750, 70,66,26,8175,764974,518025,71285,242451,140867,103269,42044,55653,327
3:47:51:4751,13:47:51:4751, 70,66,26,8201,277341,165514,52799,317691,234325,162786,53256,84849,328,04
3:47:52:4752,13:47:52:4752, 70,66,26,8225,511096,179578,130478,381214,265276,74032,96492,141732,329
3:47:53:4753,13:47:53:4753, 70,66,26,8251,937527,156851,144346,55664,911147,98207,130790,164790,330,04
3:47:54:4754,13:47:54:4754, 70,66,26,8275,500777,16673,20581,28788,624520,109436,48608,88809,331
3:47:56:4756,13:47:56:4756, 70,66,26,8326,173247,121632,110118,156309,644286,75962,88175,54511,333,04
3:47:57:4757,13:47:57:4757, 70,66,26,8350,598845,590355,201436,114109,74486,93708,82060,62717,334
3:47:58:4758,13:47:58:4758, 70,66,26,8376,907096,478264,115056,222561,336095,137023,42429,40387,335,04
3:47:59:4759,13:47:59:4759, 70,66,26,8399,410455,802003,529106,111779,59734,108577,51159,28825,335,96
3:48:00:480,13:48:00:480, 70,66,26,8425,1130439,691089,81752,253744,90224,98508,45292,132723,337
3:48:01:481,13:48:01:481, 70,66,26,8449,1018139,424399,42224,262995,124554,101369,62803,121075,337,96
3:48:02:482,13:48:02:482, 70,66,26,8474,371884,291306,237404,208472,246310,93279,50552,63405,338,96
3:48:03:483,13:48:03:483, 70,66,26,8500,762558,276397,101874,223018,293078,99906,48210,89776,340
3:48:04:484,13:48:04:484, 70,66,26,8524,629741,270716,118436,44193,289544,121046,41785,45414,340,96
3:48:06:486,13:48:06:486, 70,66,26,8573,1694416,353213,152629,141620,512800,133630,52248,62645,342,92
3:48:07:487,13:48:07:487, 70,66,26,8599,1632053,324789,79998,155416,360542,110744,63651,69560,343,96
3:48:08:488,13:48:08:488, 70,66,26,8624,656216,216605,158658,106537,467262,73291,87880,65024,344,96
3:48:09:489,13:48:09:489, 70,66,26,8649,666519,372318,170632,235892,438109,154610,81541,86699,345,96
3:48:10:4810,13:48:10:4810, 70,66,26,8674,312339,808123,142452,63091,214899,56299,97694,130484,346,96
3:48:10:4810,13:48:10:4810, 70,66,26,8698,235330,180481,60370,116548,151416,115795,80713,29201,347,92
3:48:12:4812,13:48:12:4812, 70,66,26,8724,417209,222168,574394,174770,53369,62820,86730,118359,348,96
3:48:12:4812,13:48:12:4812, 70,66,26,8748,2493524,2278359,1457551,424479,878906,298515,243043,256238,349,92
3:48:14:4814,13:48:14:4814, 70,66,26,8773,243128,291577,307370,106564,108515,115129,43333,77166,350,92
3:48:14:4814,13:48:14:4814, 70,66,26,8798,571849,687555,21394,214005,69720,176738,56151,68681,351,92
3:48:16:4816,13:48:16:4816, 70,66,26,8823,325429,484697,226923,117292,84058,78137,81336,77434,352,92
3:48:17:4817,13:48:17:4817, 70,66,26,8849,346628,296468,72782,152989,282613,196340,87213,54510,353,96
3:48:17:4817,13:48:17:4817, 70,66,26,8872,300039,251896,120830,67882,163726,123378,75466,65416,354,88
3:48:19:4819,13:48:19:4819, 70,66,26,8898,474805,678906,146957,87954,94914,110915,97539,76387,355,92
3:48:19:4819,13:48:19:4819, 70,66,26,8922,1763895,71433,27750,283206,415455,81387,65472,68610,356,88
3:48:20:4820,13:48:20:4820, 70,66,26,8947,187268,283699,73827,115435,320358,57549,33522,92561,357,88
3:48:21:4821,13:48:21:4821, 70,66,26,8972,791232,257290,155816,163452,375856,80722,54337,108034,358,88
3:48:22:4822,13:48:22:4822, 70,66,26,8997,1291325,483237,19652,111201,43005,67978,58774,78363,359,88
3:48:23:4823,13:48:23:4823, 70,66,26,9023,1104957,528031,122202,108244,245893,171762,107699,101234,360,92
3:48:25:4825,13:48:25:4825, 70,66,26,9072,808594,109694,266626,268700,336083,63783,31835,142700,362,88
3:48:26:4826,13:48:26:4826, 70,66,26,9096,701490,345849,232205,250096,306905,128310,44803,106508,363,84
3:48:27:4827,13:48:27:4827, 70,66,26,9121,1109091,154237,111249,144977,833272,110499,59730,49839,364,84
3:48:29:4829,13:48:29:4829, 70,66,26,9171,410605,204206,82972,112839,409239,82122,125707,35629,366,84
3:48:30:4830,13:48:30:4830, 70,66,26,9197,701249,234143,120020,137653,34138,179493,68889,99451,367,88
3:48:31:4831,13:48:31:4831, 70,66,26,9220,535788,288306,281837,150683,115115,78360,89734,59907,368,8
3:48:32:4832,13:48:32:4832, 70,66,26,9246,569084,552908,132498,124700,152782,131616,45529,137203,369,84
3:48:33:4833,13:48:33:4833, 70,66,26,9270,571215,332177,129049,150249,135007,80698,25079,75062,370,8
3:48:35:4835,13:48:35:4835, 70,66,26,9322,622527,309150,30482,99991,41145,113533,24216,91778,372,88
3:48:36:4836,13:48:36:4836, 70,66,26,9345,571859,350947,135863,244592,58488,109489,28691,48715,373,8
3:48:37:4837,13:48:37:4837, 70,66,26,9371,171002,1711462,1150696,208603,191970,366614,322084,120481,374,84
3:48:38:4838,13:48:38:4838, 70,66,26,9395,889201,1360524,80465,1017590,847285,295375,225127,363744,375,8
3:48:39:4839,13:48:39:4839, 70,66,26,9421,630386,277070,70519,303205,84471,89916,49994,45130,376,84
3:48:41:4841,13:48:41:4841, 70,66,26,9470,75570,123162,31306,21769,13994,24366,34581,29398,378,8
3:48:42:4842,13:48:42:4842, 70,66,26,9496,809873,131023,213412,60825,678900,89438,59677,123348,379,84
3:48:43:4843,13:48:43:4843, 70,66,26,9519,1354636,2194079,671160,772364,826613,387451,138739,407139,380,76
3:48:45:4845,13:48:45:4845, 70,66,26,9569,1201494,346950,65920,271592,73976,63627,58542,60321,382,76
3:48:46:4846,13:48:46:4846, 70,66,26,9595,798546,576931,41480,289816,263045,79667,89552,48515,383,8
3:48:47:4847,13:48:47:4847, 70,66,26,9619,552638,310508,222309,164706,135388,92554,39774,72189,384,76
3:48:48:4848,13:48:48:4848, 70,66,26,9644,1485550,1151015,1052462,196402,735195,321109,354657,352952,385,76
3:48:49:4849,13:48:49:4849, 70,66,26,9670,777370,192614,187671,144311,145826,110485,61639,56992,386,8
3:48:50:4850,13:48:50:4850, 70,66,26,9693,740775,201841,100552,62540,636113,132826,91763,146581,387,72
3:48:51:4851,13:48:51:4851, 70,66,26,9719,844824,352549,209225,305616,82472,128501,74079,46779,388,76
3:48:52:4852,13:48:52:4852, 70,66,26,9743,1254088,991451,780679,223942,658763,430745,470432,159669,389,72
3:48:53:4853,13:48:53:4853, 70,66,26,9769,441040,249900,75507,119676,208201,86802,81089,123344,390,76
3:48:54:4854,13:48:54:4854, 70,66,26,9793,287367,345120,60260,43831,87606,161211,47054,40473,391,72
3:48:55:4855,13:48:55:4855, 70,66,26,9818,425183,70846,82401,81570,453825,120955,41654,64212,392,72
3:48:56:4856,13:48:56:4856, 70,66,26,9844,686732,910550,105966,412452,80193,76943,83453,73497,393,76
3:48:57:4857,13:48:57:4857, 70,66,26,9867,625945,205891,78893,174254,26328,100132,77226,36482,394,68
3:48:58:4858,13:48:58:4858, 70,66,26,9893,461736,240199,371773,96870,103490,207064,88667,74296,395,72
3:48:59:4859,13:48:59:4859, 70,66,26,9917,649627,469927,172511,257125,134540,179632,144942,39874,396,68
3:49:00:490,13:49:00:490, 70,66,26,9943,1097356,419689,94657,148753,47737,116880,47440,55799,397,72
3:49:01:491,13:49:01:491, 70,66,26,9968,321481,607329,79758,69663,111238,145387,58203,64222,398,72
3:49:02:492,13:49:02:492, 70,66,26,9993,38691,87533,25196,44299,45787,21352,16351,32028,399,72
3:49:03:493,13:49:03:493, 70,66,26,10018,516964,402828,45957,499091,207766,79309,91226,74768,400,72
3:49:05:495,13:49:05:495, 70,66,26,10067,563888,140979,71584,142987,65290,69560,64175,104578,402,68
3:49:06:496,13:49:06:496, 70,66,26,10091,373949,181952,27904,67191,452403,84500,113158,107257,403,64
3:49:07:497,13:49:07:497, 70,66,26,10117,980120,202405,34750,237321,152367,89798,60731,71751,404,68
3:49:08:498,13:49:08:498, 70,66,26,10142,231047,853087,207352,53166,282182,74180,84819,86180,405,68
3:49:09:499,13:49:09:499, 70,66,26,10167,995295,691446,247613,142989,225154,84495,134127,41998,406,68
3:49:10:4910,13:49:10:4910, 70,66,26,10192,713407,357403,208672,148970,58240,54423,117835,52401,407,68
3:49:11:4911,13:49:11:4911, 70,66,26,10216,231706,108846,140770,81965,123206,183522,89874,27422,408,64
3:49:12:4912,13:49:12:4912, 70,66,26,10242,897787,258928,204570,89977,161033,124994,76732,93781,409,68
3:49:13:4913,13:49:13:4913, 70,66,26,10266,400191,1545641,233985,197449,73643,141874,63859,95149,410,64
3:49:16:4916,13:49:16:4916, 70,66,26,10340,722564,252392,181955,96598,47889,159705,49485,74291,413,6
3:49:17:4917,13:49:17:4917, 70,66,26,10366,1461417,822812,237016,301921,881069,347740,248503,249055,414,64
3:49:18:4918,13:49:18:4918, 70,66,26,10390,190491,448974,20765,131067,108681,63997,73333,69678,415,6
3:49:19:4919,13:49:19:4919, 70,66,26,10416,372162,712379,60721,224756,65767,135497,72422,89639,416,64
3:49:20:4920,13:49:20:4920, 70,66,26,10439,913472,240778,89847,69959,157600,140481,115904,59730,417,56
3:49:21:4921,13:49:21:4921, 70,66,26,10465,338504,317679,97440,163988,195273,117823,47376,37302,418,6
3:49:22:4922,13:49:22:4922, 70,66,26,10491,704388,519222,213856,241753,125034,99206,177395,56266,419,64
3:49:23:4923,13:49:23:4923, 70,66,26,10515,269806,780692,110230,150907,87107,134740,66627,50558,420,6
3:49:25:4925,13:49:25:4925, 70,66,26,10565,870292,1229813,873784,263787,97120,288938,275204,422823,422,6
3:49:26:4926,13:49:26:4926, 70,66,26,10590,1284042,293297,78415,57802,97212,89333,58922,49425,423,6
3:49:28:4928,13:49:28:4928, 70,66,26,10640,499821,534157,234002,283442,170387,71784,81343,51106,425,6
3:49:29:4929,13:49:29:4929, 70,66,26,10665,1599006,1509040,562749,727161,675210,351941,179840,203877,426,6
3:49:30:4930,13:49:30:4930, 70,66,26,10689,593972,584210,85970,586463,65541,83066,50088,69508,427,56
3:49:31:4931,13:49:31:4931, 70,66,26,10715,591322,276236,170973,103556,126775,60744,149437,55078,428,6
3:49:32:4932,13:49:32:4932, 70,66,26,10739,1218784,284109,232569,86877,127622,85830,94225,64187,429,56
3:49:33:4933,13:49:33:4933, 70,66,26,10764,250960,510531,45958,256799,96949,113901,166240,45248,430,56
3:49:34:4934,13:49:34:4934, 70,66,26,10788,316475,652979,364473,34445,138299,87974,120936,49321,431,52
3:49:35:4935,13:49:35:4935, 70,66,26,10813,564017,241031,68481,295190,171927,165465,44019,56161,432,52
3:49:36:4936,13:49:36:4936, 70,66,26,10839,576962,515987,158674,268326,41807,89283,48881,82950,433,56
3:49:37:4937,13:49:37:4937, 70,66,26,10863,389220,183330,299050,180215,94631,75692,94657,89024,434,52
3:49:38:4938,13:49:38:4938, 70,66,26,10889,794301,339813,260687,256905,154041,107191,81074,41270,435,56
3:49:39:4939,13:49:39:4939, 70,66,26,10913,324851,350391,188602,134672,197043,94425,125413,30597,436,52
3:49:40:4940,13:49:40:4940, 70,66,26,10938,1427407,168305,102959,181550,77106,128413,25384,79978,437,52
3:49:41:4941,13:49:41:4941, 70,66,26,10963,731064,698269,282400,184139,161665,66856,66906,60278,438,52
3:49:42:4942,13:49:42:4942, 70,66,26,10988,197266,741015,264713,221805,47709,76319,58219,41665,439,52
3:49:43:4943,13:49:43:4943, 70,66,26,11014,1277548,1298838,578695,283224,252531,291621,219247,176329,440,56
3:49:45:4945,13:49:45:4945, 70,66,26,11063,1216040,85644,67324,225315,431279,76361,87497,71201,442,52
3:49:46:4946,13:49:46:4946, 70,66,26,11086,343820,493699,241693,111916,318319,43502,52630,57767,443,44
3:49:47:4947,13:49:47:4947, 70,66,26,11113,525124,427668,146117,254429,101091,132167,55093,141860,444,52
3:49:48:4948,13:49:48:4948, 70,66,26,11137,785507,317425,13255,298404,50250,98010,51406,104059,445,48
3:49:49:4949,13:49:49:4949, 70,66,26,11162,456230,819475,382967,252653,48984,127865,63800,44720,446,48
3:49:50:4950,13:49:50:4950, 70,66,26,11188,69195,25954,19982,26154,102460,30307,21639,10929,447,52
3:49:51:4951,13:49:51:4951, 70,66,26,11211,704638,57403,117398,85718,381772,67655,200272,32952,448,44
3:49:52:4952,13:49:52:4952, 70,66,26,11237,959931,342066,17183,222359,367492,117237,72469,55882,449,48
3:49:53:4953,13:49:53:4953, 70,66,26,11261,150906,125415,117446,50827,316415,221026,44545,84397,450,44
3:49:55:4955,13:49:55:4955, 70,66,26,11311,402593,118917,106504,117437,51087,146133,52804,37760,452,44
3:49:56:4956,13:49:56:4956, 70,66,26,11336,783980,665757,223700,204626,283663,66959,86078,60120,453,44
3:49:57:4957,13:49:57:4957, 70,66,26,11362,612089,418724,124003,101217,344050,73340,53816,56558,454,48
3:49:58:4958,13:49:58:4958, 70,66,26,11386,409010,553269,388091,92788,97301,71308,41678,61052,455,44
3:49:59:4959,13:49:59:4959, 70,66,26,11411,1410339,707699,143157,166053,104347,96401,55872,110682,456,44
3:50:00:500,13:50:00:500, 70,66,26,11435,84412,164727,397790,295641,93136,149151,44905,34343,457,4
3:50:01:501,13:50:01:501, 70,66,26,11460,716226,370701,47782,148223,163468,95500,89653,48338,458,4
3:50:02:502,13:50:02:502, 70,66,26,11485,1276442,429554,74728,201472,68382,107445,53825,74063,459,4
3:50:03:503,13:50:03:503, 70,66,26,11510,331485,566485,437519,188406,158319,88592,60796,61117,460,4
3:50:05:505,13:50:05:505, 70,66,26,11559,916272,327773,136390,136735,261263,148215,78586,106032,462,36
3:50:06:506,13:50:06:506, 70,66,26,11585,913767,221048,425507,79931,127401,65338,79493,51704,463,4
3:50:07:507,13:50:07:507, 70,66,26,11609,77599,64835,103452,43974,19700,68190,10610,19848,464,36
3:50:08:508,13:50:08:508, 70,66,26,11635,503988,580988,366683,150948,151224,165696,61950,49406,465,4
3:50:10:5010,13:50:10:5010, 70,66,26,11685,617115,319830,53206,325470,104651,87440,56913,88414,467,4
3:50:11:5011,13:50:11:5011, 70,66,26,11710,477900,754669,216834,150551,73326,82554,70268,68438,468,4
3:50:12:5012,13:50:12:5012, 70,66,26,11734,407779,350947,96197,257175,77770,173498,87859,46474,469,36
3:50:13:5013,13:50:13:5013, 70,66,26,11760,1070220,392715,48465,83176,156112,72280,132685,62777,470,4
3:50:15:5015,13:50:15:5015, 70,66,26,11809,838911,159063,280743,502165,58948,78706,126974,20215,472,36
3:50:16:5016,13:50:16:5016, 70,66,26,11835,619073,1132505,299475,168350,227566,67885,62002,57446,473,4
3:50:17:5017,13:50:17:5017, 70,66,26,11859,24131,84762,8717,39583,34681,24174,20723,22801,474,36
3:50:18:5018,13:50:18:5018, 70,66,26,11885,1382873,883626,89876,448674,47953,73594,67992,48260,475,4
3:50:19:5019,13:50:19:5019, 70,66,26,11908,77776,127867,48885,51991,50010,27498,26738,17442,476,32
3:50:20:5020,13:50:20:5020, 70,66,26,11933,580656,481874,159244,108268,72910,78358,66613,45465,477,32
3:50:22:5022,13:50:22:5022, 70,66,26,11983,455599,178571,111205,118578,100507,133746,80283,62075,479,32
3:50:23:5023,13:50:23:5023, 70,66,26,12009,3058360,1793420,80065,685575,456597,601622,141603,675316,480,36
3:50:25:5025,13:50:25:5025, 70,66,26,12059,29423,484445,352597,162480,77891,57813,50650,44988,482,36
3:50:26:5026,13:50:26:5026, 70,66,26,12082,113706,201023,208003,366983,192832,122829,47684,117164,483,28
3:50:27:5027,13:50:27:5027, 70,66,26,12108,485362,482551,247373,237764,84437,95778,37175,75814,484,32
3:50:28:5028,13:50:28:5028, 70,66,26,12132,504605,281888,551826,97396,170706,66396,52767,64969,485,28
3:50:29:5029,13:50:29:5029, 70,66,26,12157,705998,483742,183845,93659,80375,108696,77026,48247,486,28
3:50:30:5030,13:50:30:5030, 70,66,26,12183,689653,203708,23242,54960,72001,164150,77338,46833,487,32
3:50:31:5031,13:50:31:5031, 70,66,26,12207,1180520,1874103,234106,1019241,634304,530643,226648,223328,488,28
3:50:32:5032,13:50:32:5032, 70,66,26,12233,158545,659218,483623,158119,54025,76396,56748,110293,489,32
3:50:33:5033,13:50:33:5033, 70,66,26,12256,739077,544829,32517,246246,114438,59436,125919,41732,490,24
3:50:35:5035,13:50:35:5035, 70,66,26,12307,1086459,898822,478600,134664,1195429,418721,304637,261621,492,28
3:50:36:5036,13:50:36:5036, 70,66,26,12331,493287,313219,98298,107331,58641,125044,43179,29106,493,24
3:50:37:5037,13:50:37:5037, 70,66,26,12357,529712,306942,127976,65324,182532,79000,51331,47666,494,28
3:50:38:5038,13:50:38:5038, 70,66,26,12381,210337,289060,83167,195607,25354,93604,52688,74773,495,24
3:50:39:5039,13:50:39:5039, 70,66,26,12407,245523,439926,65758,348845,83036,175551,99478,61148,496,28
3:50:40:5040,13:50:40:5040, 70,66,26,12430,370254,223160,247703,108878,92162,97862,64260,76044,497,2
3:50:41:5041,13:50:41:5041, 70,66,26,12456,631103,406866,102953,113703,114587,73088,88532,46710,498,24
3:50:42:5042,13:50:42:5042, 70,66,26,12480,1033444,723901,285857,616034,256504,1401033,383069,175309,499,2
3:50:43:5043,13:50:43:5043, 70,66,26,12506,1289242,179200,107689,206892,93720,58866,39775,42955,500,24
3:50:44:5044,13:50:44:5044, 70,66,26,12531,459855,318852,371611,103456,79962,160033,94745,48214,501,24
3:50:45:5045,13:50:45:5045, 70,66,26,12555,995608,103855,233070,172853,139752,167905,67016,88252,502,2
3:50:46:5046,13:50:46:5046, 70,66,26,12581,568822,74327,86047,362020,153070,73099,106246,62279,503,24
3:50:47:5047,13:50:47:5047, 70,66,26,12604,519650,138664,41630,238442,109538,62551,74404,66316,504,16
3:50:48:5048,13:50:48:5048, 70,66,26,12631,643733,397273,244237,195324,55269,87027,65372,55626,505,24
3:50:49:5049,13:50:49:5049, 70,66,26,12655,388849,749098,508631,361111,118081,102594,119577,55945,506,2
3:50:50:5050,13:50:50:5050, 70,66,26,12680,883940,152898,257628,209537,60611,95512,109947,61235,507,2
3:50:51:5051,13:50:51:5051, 70,66,26,12705,438293,607139,268059,274853,144403,140749,45739,63446,508,2
3:50:52:5052,13:50:52:5052, 70,66,26,12729,547738,693755,58635,187217,51135,102132,65334,63662,509,16
3:50:53:5053,13:50:53:5053, 70,66,26,12755,744653,278109,419703,156103,303912,66686,63307,61386,510,2
3:50:55:5055,13:50:55:5055, 70,66,26,12805,1003916,96562,29695,274463,212102,57917,57216,109899,512,2
3:50:57:5057,13:50:57:5057, 70,66,26,12854,163935,490937,68619,242914,178166,136164,74352,89087,514,16
3:50:58:5058,13:50:58:5058, 70,66,26,12880,558358,1133950,668858,726218,241038,295738,292204,308968,515,2
3:50:59:5059,13:50:59:5059, 70,66,26,12903,579394,629832,76988,89176,186163,74557,63094,39515,516,12
3:51:00:510,13:51:00:510, 70,66,26,12929,292024,546863,208030,167140,208843,177373,95270,106112,517,16
3:51:01:511,13:51:01:511, 70,66,26,12953,698011,1548640,376163,315814,701370,649523,303693,176089,518,12
3:51:02:512,13:51:02:512, 70,66,26,12979,1170877,1132091,414324,390347,2052535,465647,386141,221472,519,16
3:51:05:515,13:51:05:515, 70,66,26,13054,438157,943095,138523,71469,58546,100534,99303,47856,522,16
3:51:06:516,13:51:06:516, 70,66,26,13077,1283569,118055,127129,148417,180878,95251,50349,64696,523,08
3:51:07:517,13:51:07:517, 70,66,26,13103,1724900,2030301,264107,1127449,238247,618210,348326,553327,524,12
3:51:09:519,13:51:09:519, 70,66,26,13153,420992,385099,9435,142125,395868,96519,73508,26811,526,12
3:51:10:5110,13:51:10:5110, 70,66,26,13179,216957,398375,83573,105262,148909,104567,36522,57784,527,16
3:51:11:5111,13:51:11:5111, 70,66,26,13202,219443,67191,35913,50605,33884,34417,15886,14041,528,08
3:51:12:5112,13:51:12:5112, 70,66,26,13228,1116830,269785,170758,140308,72654,93909,68204,81728,529,12
3:51:13:5113,13:51:13:5113, 70,66,26,13252,1079457,367962,190092,138711,284276,93255,71345,53779,530,08
3:51:15:5115,13:51:15:5115, 70,66,26,13302,104562,38668,3715,33553,36098,10755,21861,22879,532,08
3:51:16:5116,13:51:16:5116, 70,66,26,13327,1030980,1403839,954136,840716,557698,431723,360054,169429,533,08
3:51:17:5117,13:51:17:5117, 70,66,26,13353,541507,214344,105561,207699,105799,98831,74585,38927,534,12
3:51:18:5118,13:51:18:5118, 70,66,26,13376,784239,613430,161081,71031,240391,172511,94729,90771,535,04
3:51:19:5119,13:51:19:5119, 70,66,26,13402,923547,153107,232758,147212,193002,110457,44936,33371,536,08
3:51:20:5120,13:51:20:5120, 70,66,26,13426,332470,394676,409225,448398,106786,170080,59851,106949,537,04
3:51:21:5121,13:51:21:5121, 70,66,26,13452,910804,455855,198864,153313,101632,67462,80228,56564,538,08
3:51:22:5122,13:51:22:5122, 70,66,26,13476,1523361,251310,33840,498939,176914,57615,73157,121268,539,04
3:51:23:5123,13:51:23:5123, 70,66,26,13501,974429,849764,263383,355168,1022009,350444,143439,223229,540,04
3:51:24:5124,13:51:24:5124, 70,66,26,13527,293905,498040,97379,155402,381923,74242,24550,73314,541,08
3:51:25:5125,13:51:25:5125, 70,66,26,13550,824025,290071,31965,49481,67946,66394,65183,171193,542
3:51:26:5126,13:51:26:5126, 70,66,26,13576,706114,139289,516200,167788,258022,61357,75767,82292,543,04
3:51:27:5127,13:51:27:5127, 70,66,26,13600,1055417,362302,65606,165953,177320,78116,79277,69828,544
3:51:28:5128,13:51:28:5128, 70,66,26,13626,340041,434690,167086,228679,88433,109953,52543,133929,545,04
3:51:29:5129,13:51:29:5129, 70,66,26,13650,1648920,378111,16168,185139,101017,84302,52552,42015,546
3:51:30:5130,13:51:30:5130, 70,66,26,13675,1699450,133006,117308,226853,232436,184811,47221,47079,547
3:51:31:5131,13:51:31:5131, 70,66,26,13701,186554,516525,44941,378391,42109,94796,46366,74133,548,04
3:51:32:5132,13:51:32:5132, 70,66,26,13725,1548852,1441096,959698,512701,578928,856587,274767,174578,549
3:51:33:5133,13:51:33:5133, 70,66,26,13750,1158738,78147,211943,217709,420713,78256,71847,55782,550
3:51:35:5135,13:51:35:5135, 70,66,26,13800,383923,293169,61703,205526,46529,65571,70144,35761,552
3:51:36:5136,13:51:36:5136, 70,66,26,13824,2010924,1511763,850277,192000,613690,551768,350477,287693,552,96
3:51:37:5137,13:51:37:5137, 70,66,26,13849,926022,67671,240337,163184,213310,133610,67181,61883,553,96
3:51:38:5138,13:51:38:5138, 70,66,26,13875,2022183,2341184,390787,742230,458359,312101,598819,181566,555
3:51:39:5139,13:51:39:5139, 70,66,26,13899,295087,299483,11347,98631,73168,84252,57762,102626,555,96
3:51:40:5140,13:51:40:5140, 70,66,26,13924,828333,1944207,10216,600703,282141,338563,466371,134484,556,96
3:51:41:5141,13:51:41:5141, 70,66,26,13948,848524,400843,278833,40543,83453,57480,62547,76737,557,92
3:51:42:5142,13:51:42:5142, 70,66,26,13974,386506,377127,122474,98556,193849,55809,57263,107187,558,96
3:51:43:5143,13:51:43:5143, 70,66,26,13998,1753817,149557,135735,125835,223247,86244,42559,35925,559,92
3:51:45:5145,13:51:45:5145, 70,66,26,14049,783247,397398,325818,173880,178121,165447,107967,58911,561,96
3:51:46:5146,13:51:46:5146, 70,66,26,14073,710163,359604,101862,157531,152216,79408,62035,88603,562,92
3:51:47:5147,13:51:47:5147, 70,66,26,14098,371244,458729,257934,183225,130426,89747,57935,83994,563,92
3:51:47:5147,13:51:47:5147, 70,66,26,14122,279592,775300,60273,169190,59141,100808,73903,132861,564,88
3:51:49:5149,13:51:49:5149, 70,66,26,14148,714030,95020,11299,235566,161099,65979,72819,78260,565,92
3:51:50:5150,13:51:50:5150, 70,66,26,14197,773001,481799,68727,78750,493149,82696,33624,87949,567,88
3:51:52:5152,13:51:52:5152, 70,66,26,14224,1390149,982111,190777,580383,856001,283800,137460,262235,568,96
3:51:52:5152,13:51:52:5152, 70,66,26,14247,1170213,913027,83690,127638,83172,62722,75332,58853,569,88
3:51:54:5154,13:51:54:5154, 70,66,26,14296,610654,673061,58101,152452,136148,104497,76886,49362,571,84
3:51:55:5155,13:51:55:5155, 70,66,26,14322,148221,549678,26198,350400,39621,101869,66669,85992,572,88
3:51:57:5157,13:51:57:5157, 70,66,26,14348,476532,523717,115674,541311,99214,127637,74794,39553,573,92
3:51:57:5157,13:51:57:5157, 70,66,26,14372,399992,407518,54591,105384,256904,94649,82765,80543,574,88
3:51:58:5158,13:51:58:5158, 70,66,26,14398,107672,214646,264289,145625,134514,109027,54815,64261,575,92
3:51:59:5159,13:51:59:5159, 70,66,26,14421,226534,534858,295209,195589,104939,101431,71994,105397,576,84
3:52:00:520,13:52:00:520, 70,66,26,14447,1095499,1524646,804779,202143,458190,309396,389815,266514,577,88
3:52:02:522,13:52:02:522, 70,66,26,14497,434537,401451,253779,298341,59480,51166,44513,61649,579,88
3:52:03:523,13:52:03:523, 70,66,26,14522,711701,283461,244816,94002,274198,74726,32712,63357,580,88
3:52:04:524,13:52:04:524, 70,66,26,14546,294962,745838,216286,157884,29852,122604,59303,40508,581,84
3:52:05:525,13:52:05:525, 70,66,26,14572,558365,706849,52087,142044,131353,106743,73147,86509,582,88
3:52:06:526,13:52:06:526, 70,66,26,14596,526173,626925,116977,395997,102044,96206,81894,71703,583,84
3:52:07:527,13:52:07:527, 70,66,26,14621,1388600,447098,80501,184262,69009,219394,81893,87790,584,84
3:52:08:528,13:52:08:528, 70,66,26,14645,460702,293631,379240,306460,95344,76975,72056,39725,585,8
3:52:09:529,13:52:09:529, 70,66,26,14671,916770,191301,328662,103058,95289,125824,54094,37577,586,84
3:52:10:5210,13:52:10:5210, 70,66,26,14696,1225048,323066,73244,238294,131031,124023,71643,71595,587,84
3:52:11:5211,13:52:11:5211, 70,66,26,14720,191273,588399,202837,109207,61572,104405,58543,99597,588,8
3:52:12:5212,13:52:12:5212, 70,66,26,14746,1419954,1286825,914124,624876,285367,300569,179066,283626,589,84
3:52:14:5214,13:52:14:5214, 70,66,26,14795,1404651,585275,619234,586492,271988,735251,186611,346623,591,8
3:52:15:5215,13:52:15:5215, 70,66,26,14820,841182,186399,229066,98839,53144,159131,68137,52471,592,8
3:52:16:5216,13:52:16:5216, 70,66,26,14845,1043448,68245,167697,204918,119203,80107,64868,76750,593,8
3:52:17:5217,13:52:17:5217, 70,66,26,14871,517789,429061,77668,72593,95777,77252,66422,67815,594,84
3:52:18:5218,13:52:18:5218, 70,66,26,14894,701356,1020374,130982,246954,229946,105120,66380,45728,595,76
3:52:19:5219,13:52:19:5219, 70,66,26,14920,450725,437837,265777,157848,63546,106822,84048,50805,596,8
3:52:20:5220,13:52:20:5220, 70,66,26,14944,821764,113956,176127,90717,52776,74461,55238,44501,597,76
3:52:21:5221,13:52:21:5221, 70,66,26,14970,533511,315786,65389,76790,42182,117126,98677,139305,598,8
3:52:22:5222,13:52:22:5222, 70,66,26,14994,800956,160985,50877,95773,60789,63085,92397,78812,599,76
3:52:24:5224,13:52:24:5224, 70,66,26,15045,765144,207602,111188,287858,321181,74285,99257,56032,601,8
3:52:25:5225,13:52:25:5225, 70,66,26,15069,1311539,1102281,221179,638460,453571,355535,256894,383148,602,76
3:52:26:5226,13:52:26:5226, 70,66,26,15095,1005223,296635,29427,69554,46707,170354,105676,51194,603,8
3:52:27:5227,13:52:27:5227, 70,66,26,15118,159640,191710,216494,112980,104868,86181,58480,91621,604,72
3:52:28:5228,13:52:28:5228, 70,66,26,15143,580280,1191576,548566,635134,302167,532253,166829,309466,605,72
3:52:29:5229,13:52:29:5229, 70,66,26,15168,384820,267854,246061,67883,210470,87756,151138,65494,606,72
3:52:30:5230,13:52:30:5230, 70,66,26,15193,249712,574376,93806,184139,53199,99056,54335,58690,607,72
3:52:31:5231,13:52:31:5231, 70,66,26,15219,632958,191886,274657,202956,68165,65997,68485,39396,608,76
3:52:32:5232,13:52:32:5232, 70,66,26,15242,723554,499265,286794,297371,79291,130145,68910,62629,609,68
3:52:34:5234,13:52:34:5234, 70,66,26,15292,636389,205838,244864,47648,149431,43516,56221,76609,611,68
3:52:35:5235,13:52:35:5235, 70,66,26,15318,1339830,1006833,837111,1280824,623417,439501,395308,325269,612,72
3:52:36:5236,13:52:36:5236, 70,66,26,15342,1228343,286832,126929,48165,156282,64264,99728,104436,613,68
3:52:37:5237,13:52:37:5237, 70,66,26,15367,517419,785109,107846,176010,144759,78094,67710,55822,614,68
3:52:38:5238,13:52:38:5238, 70,66,26,15393,1069290,900968,176455,59299,81097,73230,67197,179862,615,72
3:52:39:5239,13:52:39:5239, 70,66,26,15417,577682,391155,234358,134273,78870,67760,74942,30086,616,68
3:52:40:5240,13:52:40:5240, 70,66,26,15443,687058,834886,86318,149881,61645,51870,51108,59715,617,72
3:52:41:5241,13:52:41:5241, 70,66,26,15466,1620175,803237,181495,468055,545176,479088,145064,170898,618,64
3:52:42:5242,13:52:42:5242, 70,66,26,15492,345002,540059,218371,139853,206331,97630,40450,34348,619,68
3:52:44:5244,13:52:44:5244, 70,66,26,15541,1041546,1705995,404996,1039093,485957,405887,189869,241350,621,64
3:52:45:5245,13:52:45:5245, 70,66,26,15567,413154,349522,171437,88652,63983,93609,102094,85245,622,68
3:52:46:5246,13:52:46:5246, 70,66,26,15591,855894,603021,32616,28773,221102,99917,54196,51512,623,64
3:52:47:5247,13:52:47:5247, 70,66,26,15617,121176,515864,113860,139398,76261,137174,107655,75785,624,68
3:52:49:5249,13:52:49:5249, 70,66,26,15666,410029,268904,48372,225583,23157,175145,60288,58963,626,64
3:52:50:5250,13:52:50:5250, 70,66,26,15692,760580,2176076,449718,198297,213872,303417,235145,149422,627,68
3:52:51:5251,13:52:51:5251, 70,66,26,15715,1406838,1043336,364490,78571,915130,448017,369475,371754,628,6
3:52:52:5252,13:52:52:5252, 70,66,26,15741,411558,506117,55498,213665,133059,60163,81045,49003,629,64
3:52:54:5254,13:52:54:5254, 70,66,26,15791,287135,141682,156376,659885,160062,134396,46576,82510,631,64
3:52:55:5255,13:52:55:5255, 70,66,26,15815,733650,397003,236566,88377,152761,71860,41033,70569,632,6
3:52:56:5256,13:52:56:5256, 70,66,26,15840,477327,590512,65604,174648,43971,69694,74641,57719,633,6
3:52:57:5257,13:52:57:5257, 70,66,26,15866,530214,377159,57907,122035,127710,42355,58347,101057,634,64
3:52:58:5258,13:52:58:5258, 70,66,26,15890,965024,406960,256520,66373,28457,59918,69944,46618,635,6
3:52:59:5259,13:52:59:5259, 70,66,26,15916,1268107,1777787,421376,843825,562626,366319,471483,364113,636,64
3:53:00:530,13:53:00:530, 70,66,26,15939,61270,49488,33741,69965,15330,23682,23507,8730,637,56
3:53:01:531,13:53:01:531, 70,66,26,15965,1143694,1575663,1622145,1273383,387751,230758,356534,201367,638,6
3:53:02:532,13:53:02:532, 70,66,26,15989,923031,474255,219928,111455,72481,100806,54967,39339,639,56
3:53:04:534,13:53:04:534, 70,66,26,16040,1633342,1549609,202265,839634,528746,223713,319828,184746,641,6
3:53:05:535,13:53:05:535, 70,66,26,16064,103771,183453,109969,150782,131893,59642,70515,66257,642,56
3:53:06:536,13:53:06:536, 70,66,26,16090,312746,524107,20331,250187,138032,90351,108635,133883,643,6
3:53:07:537,13:53:07:537, 70,66,26,16113,1656505,2023571,363602,423195,598501,467719,284988,338520,644,52
3:53:08:538,13:53:08:538, 70,66,26,16139,300813,309603,117662,222994,64273,65423,71465,79880,645,56
3:53:09:539,13:53:09:539, 70,66,26,16163,1847325,485167,35292,580916,577714,580636,282095,527244,646,52
3:53:10:5310,13:53:10:5310, 70,66,26,16189,502398,249690,60229,143370,160783,97757,97050,49718,647,56
3:53:11:5311,13:53:11:5311, 70,66,26,16214,1756607,844771,326815,326681,1080838,518293,274433,273307,648,56
3:53:12:5312,13:53:12:5312, 70,66,26,16238,618291,245613,264632,156022,74489,63976,76050,47283,649,52
3:53:14:5314,13:53:14:5314, 70,66,26,16287,664293,367077,85859,197532,53592,72314,109709,61472,651,48
3:53:15:5315,13:53:15:5315, 70,66,26,16313,672516,239760,173103,137812,123471,69514,88312,79045,652,52
3:53:16:5316,13:53:16:5316, 70,66,26,16338,612020,135392,138116,51075,199988,45434,64388,118001,653,52
3:53:17:5317,13:53:17:5317, 70,66,26,16362,310497,120005,115457,189597,75226,184356,71956,57981,654,48
3:53:18:5318,13:53:18:5318, 70,66,26,16388,543463,651248,132556,165533,73489,67244,68150,50334,655,52
3:53:19:5319,13:53:19:5319, 70,66,26,16412,1110354,233493,156450,99803,135173,97573,55299,38443,656,48
3:53:20:5320,13:53:20:5320, 70,66,26,16438,733037,498604,231166,104083,40025,71655,78613,42153,657,52
3:53:21:5321,13:53:21:5321, 70,66,26,16462,503972,242582,37446,99444,76794,89912,48531,81808,658,48
3:53:22:5322,13:53:22:5322, 70,66,26,16487,752894,225928,200752,460075,39280,68111,41744,52941,659,48
3:53:23:5323,13:53:23:5323, 70,66,26,16512,721650,416214,269087,280320,193290,196540,37940,38792,660,48
3:53:24:5324,13:53:24:5324, 70,66,26,16537,563973,539826,188549,35176,95186,103644,98122,66565,661,48
3:53:25:5325,13:53:25:5325, 70,66,26,16563,463041,279287,456944,166910,85823,156349,99267,55454,662,52
3:53:26:5326,13:53:26:5326, 70,66,26,16587,500568,299264,132189,125912,160614,81218,51784,92933,663,48
3:53:27:5327,13:53:27:5327, 70,66,26,16612,512216,268924,57450,303002,121056,119261,64423,38245,664,48
3:53:28:5328,13:53:28:5328, 70,66,26,16635,328161,518406,106854,93720,82656,137396,43526,35985,665,4
3:53:29:5329,13:53:29:5329, 70,66,26,16662,93966,338103,179918,398532,103493,72547,34900,79203,666,48
3:53:31:5331,13:53:31:5331, 70,66,26,16711,537382,426182,25952,147822,123742,59354,102773,50158,668,44
3:53:32:5332,13:53:32:5332, 70,66,26,16737,1319244,1345383,483918,670227,255698,452587,378669,279235,669,48
3:53:34:5334,13:53:34:5334, 70,66,26,16786,288664,173358,13506,148783,158590,79877,80489,57021,671,44
3:53:35:5335,13:53:35:5335, 70,66,26,16810,491398,459717,19410,211460,205271,96533,82659,44325,672,4
3:53:36:5336,13:53:36:5336, 70,66,26,16836,977916,534113,191842,161083,177758,63856,59188,61172,673,44
3:53:37:5337,13:53:37:5337, 70,66,26,16862,298500,322063,104844,153581,66478,76754,65221,54344,674,48
3:53:38:5338,13:53:38:5338, 70,66,26,16885,1056395,367730,227066,228121,136939,127368,102048,32670,675,4
3:53:39:5339,13:53:39:5339, 70,66,26,16911,1963089,1236467,132560,625907,207795,201813,387723,1009626,676,44
3:53:40:5340,13:53:40:5340, 70,66,26,16934,569029,407732,242492,142379,45884,46885,88056,63338,677,36
3:53:41:5341,13:53:41:5341, 70,66,26,16960,299683,511258,89111,164150,304946,132069,55484,62415,678,4
3:53:44:5344,13:53:44:5344, 70,66,26,17036,1065883,384146,69969,125602,76422,67387,62712,52566,681,44
3:53:45:5345,13:53:45:5345, 70,66,26,17059,380621,296168,55817,220939,124092,130852,69730,46153,682,36
3:53:46:5346,13:53:46:5346, 70,66,26,17085,1061629,542281,35445,310046,89961,71033,60126,47869,683,4
3:53:47:5347,13:53:47:5347, 70,66,26,17109,586915,579758,102946,71090,125711,88351,64944,103565,684,36
3:53:48:5348,13:53:48:5348, 70,66,26,17135,685524,638410,145462,36088,25151,113263,63285,74231,685,4
3:53:49:5349,13:53:49:5349, 70,66,26,17159,595912,236097,38830,93709,174162,95876,64106,72962,686,36
3:53:50:5350,13:53:50:5350, 70,66,26,17184,181281,254685,125925,103682,105425,69337,52601,107918,687,36
3:53:51:5351,13:53:51:5351, 70,66,26,17210,71758,424469,484131,267160,90354,79943,35858,23787,688,4
3:53:52:5352,13:53:52:5352, 70,66,26,17233,202281,273518,390723,390894,60046,133455,47833,47457,689,32
3:53:54:5354,13:53:54:5354, 70,66,26,17283,795355,458337,53333,201464,40417,103567,36469,96658,691,32
3:53:55:5355,13:53:55:5355, 70,66,26,17309,278616,279735,102187,139856,207403,70426,120686,81007,692,36
3:53:56:5356,13:53:56:5356, 70,66,26,17333,500043,406372,152722,94526,96911,109301,87232,107777,693,32
3:53:57:5357,13:53:57:5357, 70,66,26,17358,328999,445707,114520,281282,50091,98991,59316,69965,694,32
3:53:58:5358,13:53:58:5358, 70,66,26,17384,243929,351772,554287,111377,143527,93117,67527,40896,695,36
3:53:59:5359,13:53:59:5359, 70,66,26,17407,69041,614685,216360,181551,170125,152294,118679,81713,696,28
3:54:00:540,13:54:00:540, 70,66,26,17433,810998,397982,54984,201670,111909,76036,93935,67421,697,32
3:54:01:541,13:54:01:541, 70,66,26,17457,408032,655092,104997,374267,131000,230049,45103,45795,698,28
3:54:02:542,13:54:02:542, 70,66,26,17483,201989,272223,70921,570958,120680,58137,62590,60944,699,32
3:54:03:543,13:54:03:543, 70,66,26,17507,890699,319600,63432,126919,78844,66733,102050,33115,700,28
3:54:04:544,13:54:04:544, 70,66,26,17532,266085,408245,467951,157238,120237,113198,58292,55728,701,28
3:54:05:545,13:54:05:545, 70,66,26,17558,1070307,86516,169695,195769,218576,49799,107378,70993,702,32
3:54:06:546,13:54:06:546, 70,66,26,17582,300705,313220,686563,78606,65578,93897,45362,134962,703,28
3:54:07:547,13:54:07:547, 70,66,26,17607,529528,377494,191198,101664,88213,84120,59690,41558,704,28
3:54:08:548,13:54:08:548, 70,66,26,17631,750801,200594,247336,97783,167354,139090,78228,68676,705,24
3:54:09:549,13:54:09:549, 70,66,26,17657,375393,277845,54008,316100,87990,108043,58179,93781,706,28
3:54:10:5410,13:54:10:5410, 70,66,26,17681,361406,332266,100200,311331,179097,65607,55711,42464,707,24
3:54:11:5411,13:54:11:5411, 70,66,26,17706,443982,645682,122199,235904,196505,140831,151953,57308,708,24
3:54:12:5412,13:54:12:5412, 70,66,26,17732,751481,405292,122162,149782,141051,106213,80723,64541,709,28
3:54:14:5414,13:54:14:5414, 70,66,26,17782,725212,472848,602030,151627,84129,52308,57993,141772,711,28
3:54:15:5415,13:54:15:5415, 70,66,26,17806,527886,355251,205947,136901,97033,53635,82347,43654,712,24
3:54:16:5416,13:54:16:5416, 70,66,26,17831,766541,189187,135280,41077,93284,86192,139610,140713,713,24
3:54:17:5417,13:54:17:5417, 70,66,26,17856,424035,579986,85952,465214,142256,144171,118210,70727,714,24
3:54:18:5418,13:54:18:5418, 70,66,26,17881,1647027,262253,118840,245022,169435,119118,90254,87190,715,24
3:54:19:5419,13:54:19:5419, 70,66,26,17906,965342,447622,94068,111914,108863,117430,32487,73639,716,24
3:54:20:5420,13:54:20:5420, 70,66,26,17930,476825,519349,73852,255984,52220,53594,69024,39826,717,2
3:54:21:5421,13:54:21:5421, 70,66,26,17956,726075,317712,211788,246073,164907,76559,49295,53902,718,24
3:54:22:5422,13:54:22:5422, 70,66,26,17979,249578,527185,303702,162636,62152,103946,62798,32989,719,16
3:54:25:5425,13:54:25:5425, 70,66,26,18055,197366,563568,334839,131240,127723,153689,45336,51597,722,2
3:54:26:5426,13:54:26:5426, 70,66,26,18080,387914,478296,173113,75264,159188,72740,106100,35091,723,2
3:54:27:5427,13:54:27:5427, 70,66,26,18104,1002964,293213,71666,52909,64726,84710,58799,79412,724,16
3:54:28:5428,13:54:28:5428, 70,66,26,18130,430824,727254,260624,271201,115523,142551,87218,66959,725,2
3:54:30:5430,13:54:30:5430, 70,66,26,18180,1181844,475346,17974,105730,112576,84408,91771,66596,727,2
3:54:31:5431,13:54:31:5431, 70,66,26,18205,1061783,1428628,459100,1160612,451502,250532,166568,371947,728,2
3:54:32:5432,13:54:32:5432, 70,66,26,18229,416140,180858,450731,54927,243049,129891,23511,64811,729,16
3:54:34:5434,13:54:34:5434, 70,66,26,18279,680392,318833,186056,156313,34937,60534,47504,37849,731,16
3:54:35:5435,13:54:35:5435, 70,66,26,18304,1263756,144076,108894,112015,161681,36153,128544,108755,732,16
3:54:37:5437,13:54:37:5437, 70,66,26,18353,671826,360388,457865,378044,841918,432043,304183,309921,734,12
3:54:38:5438,13:54:38:5438, 70,66,26,18379,557001,539339,77841,155896,66286,131867,48512,173669,735,16
3:54:39:5439,13:54:39:5439, 70,66,26,18403,1095119,1269302,361361,559106,340273,326400,543120,265447,736,12
3:54:40:5440,13:54:40:5440, 70,66,26,18429,610086,436632,84451,225157,87510,72072,60508,54009,737,16
3:54:41:5441,13:54:41:5441, 70,66,26,18452,895504,1423429,362611,1218286,235647,370961,208528,159131,738,08
3:54:42:5442,13:54:42:5442, 70,66,26,18478,720200,656846,185134,238847,93268,33078,33841,65163,739,12
3:54:43:5443,13:54:43:5443, 70,66,26,18503,821632,935700,86900,256155,68559,107899,46248,80508,740,12
3:54:44:5444,13:54:44:5444, 70,66,26,18527,246130,105719,66368,345392,91421,66822,29623,59826,741,08
3:54:45:5445,13:54:45:5445, 70,66,26,18553,847987,213423,95877,199775,92180,106024,70382,133036,742,12
3:54:46:5446,13:54:46:5446, 70,66,26,18577,789055,232073,41562,159320,51122,100640,50365,66740,743,08
3:54:47:5447,13:54:47:5447, 70,66,26,18603,749229,151236,139101,91640,136879,89559,62706,33922,744,12
3:54:48:5448,13:54:48:5448, 70,66,26,18627,2257259,1369569,904510,223545,295315,450984,262076,621750,745,08
3:54:49:5449,13:54:49:5449, 70,66,26,18653,193248,346896,383969,189280,126497,169130,50083,66287,746,12
3:54:50:5450,13:54:50:5450, 70,66,26,18677,477541,750002,111880,65856,53283,100044,99093,57536,747,08
3:54:51:5451,13:54:51:5451, 70,66,26,18702,1350949,465961,87891,146953,83821,66196,59542,82678,748,08
3:54:52:5452,13:54:52:5452, 70,66,26,18728,419796,289132,364751,140153,68204,88039,33932,84479,749,12
3:54:54:5454,13:54:54:5454, 70,66,26,18777,2321922,1175213,142973,319880,266263,458373,462968,292511,751,08
3:54:55:5455,13:54:55:5455, 70,66,26,18801,641522,485931,35657,176992,106845,64912,37894,85183,752,04
3:54:56:5456,13:54:56:5456, 70,66,26,18827,542921,431901,35806,145691,69460,91882,79120,166727,753,08
3:54:57:5457,13:54:57:5457, 70,66,26,18851,1279250,756231,481685,631357,558267,850844,252198,507317,754,04
3:54:58:5458,13:54:58:5458, 70,66,26,18876,1119306,925040,639245,765890,261873,466063,387791,143549,755,04
3:54:59:5459,13:54:59:5459, 70,66,26,18902,911053,1129392,723526,455888,347502,835014,365122,300650,756,08
3:55:00:550,13:55:00:550, 70,66,26,18925,1099900,316070,245095,320115,136647,102423,42453,81000,757
3:55:01:551,13:55:01:551, 70,66,26,18951,478705,199458,341075,313010,161470,35943,103195,77023,758,04
3:55:02:552,13:55:02:552, 70,66,26,18975,160695,314701,235753,212864,104086,97614,51774,51625,759
3:55:04:554,13:55:04:554, 70,66,26,19025,2663101,804105,1412720,351622,360136,271347,233438,599206,761
3:55:05:555,13:55:05:555, 70,66,26,19050,509585,282246,91251,239715,102518,116284,23339,73436,762
3:55:06:556,13:55:06:556, 70,66,26,19076,623098,507113,129682,283057,82235,137689,47521,80699,763,04
3:55:07:557,13:55:07:557, 70,66,26,19100,1595510,171385,148212,227142,94551,53610,119469,64483,764
3:55:08:558,13:55:08:558, 70,66,26,19125,283784,858124,122371,95000,64795,108566,64855,94963,765
3:55:09:559,13:55:09:559, 70,66,26,19149,911621,488098,31814,194801,60009,248644,90373,57608,765,96
3:55:10:5510,13:55:10:5510, 70,66,26,19175,438806,597237,166347,325372,22595,125015,62100,27056,767
3:55:12:5512,13:55:12:5512, 70,66,26,19224,591870,284262,172441,145475,51232,71083,31307,76897,768,96
3:55:14:5514,13:55:14:5514, 70,66,26,19273,548698,165261,79815,430485,74036,89948,42504,51528,770,92
3:55:15:5515,13:55:15:5515, 70,66,26,19299,680938,357806,541927,71930,60751,116754,72408,39737,771,96
3:55:16:5516,13:55:16:5516, 70,66,26,19323,1388141,1304149,1229833,528324,248373,365883,228055,86798,772,92
3:55:17:5517,13:55:17:5517, 70,66,26,19349,797039,321848,242712,31707,156193,65147,37418,57727,773,96
3:55:18:5518,13:55:18:5518, 70,66,26,19375,306630,462729,194004,200184,78471,122636,61943,44560,775
3:55:19:5519,13:55:19:5519, 70,66,26,19398,258388,376063,144805,259125,140630,107645,98947,74940,775,92
3:55:20:5520,13:55:20:5520, 70,66,26,19424,1476882,1286459,1403461,593637,353430,361635,296312,459432,776,96
3:55:20:5520,13:55:20:5520, 70,66,26,19448,555350,501998,128659,338999,52280,74626,104225,40825,777,92
3:55:22:5522,13:55:22:5522, 70,66,26,19473,488226,540183,112139,196771,66389,68536,55486,50986,778,92
3:55:24:5524,13:55:24:5524, 70,66,26,19490,345140,332898,140808,308454,88727,104184,33653,51227,779,6
3:55:25:5525,13:55:25:5525, 70,66,26,19490,1033651,536794,437994,257150,89926,56451,73577,61309,779,6
3:55:25:5525,13:55:25:5525, 70,66,26,19490,305299,351938,34002,442810,75626,179955,81674,95562,779,6
3:55:27:5527,13:55:27:5527, 70,66,26,19490,444035,280945,461242,467571,81114,54615,49680,92844,779,6
3:55:27:5527,13:55:27:5527, 70,66,26,19490,1381987,1455980,198192,197475,255628,410056,213641,288650,779,6
3:55:28:5528,13:55:28:5528, 70,66,26,19490,859059,906120,265204,120284,74983,53827,59885,46467,779,6
3:55:29:5529,13:55:29:5529, 70,66,26,19490,1463545,1546887,604764,846488,513102,281078,446337,157853,779,6
3:55:30:5530,13:55:30:5530, 70,66,26,19490,1507592,1239058,1774045,108661,645887,188993,318320,241785,779,6
3:55:31:5531,13:55:31:5531, 70,66,26,19490,336701,81600,73882,149356,176308,92851,51635,33539,779,6
3:55:33:5533,13:55:33:5533, 70,66,26,19490,523898,215233,48034,126529,27667,24828,27200,22349,779,6
3:55:34:5534,13:55:34:5534, 70,66,26,19490,614808,168933,62211,14530,29492,15849,9803,32807,779,6
3:55:35:5535,13:55:35:5535, 53,61,0,19490,1130673,1078110,504205,110755,37684,24051,5257,153405,779,6
3:55:36:5536,13:55:36:5536, 69,56,0,19490,803453,135498,33060,14218,9900,21827,2261,7160,779,6
3:55:37:5537,13:55:37:5537, 35,54,0,19490,1031905,65335,13489,7375,1508,1654,1613,1232,779,6
3:55:38:5538,13:55:38:5538, 23,53,0,19490,1967854,274755,70353,71929,17506,10083,2909,3341,779,6
3:55:39:5539,13:55:39:5539, 24,43,0,19490,1525531,515970,56161,35119,4309,9507,6054,3807,779,6
3:55:40:5540,13:55:40:5540, 11,51,0,19490,542262,35016,4808,19942,1816,2945,2391,1013,779,6
3:55:41:5541,13:55:41:5541, 17,60,0,19490,1427108,471222,203384,254335,69601,26743,12284,22533,779,6
3:55:43:5543,13:55:43:5543, 51,69,0,19490,121656,64138,34877,15520,5134,2222,1544,2445,779,6
3:55:44:5544,13:55:44:5544, 47,66,0,19490,859871,530057,218197,45600,62262,28614,8945,16252,779,6
3:55:46:5546,13:55:46:5546, 47,74,0,19490,108200,42436,28425,10849,3958,5663,8979,3801,779,6
3:55:47:5547,13:55:47:5547, 75,67,0,19490,2374579,329973,70592,113601,69774,75527,72425,35394,779,6
3:55:48:5548,13:55:48:5548, 78,80,0,19490,1677682,181996,66937,426569,93894,27951,25786,13227,779,6
3:55:49:5549,13:55:49:5549, 74,57,0,19490,1212909,325957,11702,17891,93367,24288,6853,7483,779,6
3:55:50:5550,13:55:50:5550, 57,38,0,19490,2262833,1445646,21219,88828,32017,38474,45578,23021,779,6
